"http://hdl.handle.net/1813/29366",
"http://hdl.handle.net/1813/33656",
"http://hdl.handle.net/1813/31088",
"http://hdl.handle.net/1813/34277",
"http://hdl.handle.net/1813/39294",
"http://hdl.handle.net/1813/33596",
"http://hdl.handle.net/1813/33822",
"http://hdl.handle.net/1813/33796",
"http://hdl.handle.net/1813/30645",
"http://hdl.handle.net/1813/33920",
"http://hdl.handle.net/1813/37024",
"http://hdl.handle.net/1813/29147",
"http://hdl.handle.net/1813/33654",
"http://hdl.handle.net/1813/33901",
"http://hdl.handle.net/1813/34316",
"http://hdl.handle.net/1813/36121",
"http://hdl.handle.net/1813/31197",
"http://hdl.handle.net/1813/29427",
"http://hdl.handle.net/1813/30675",
"http://hdl.handle.net/1813/36076",
"http://hdl.handle.net/1813/38845",
"http://hdl.handle.net/1813/39350",
"http://hdl.handle.net/1813/29168",
"http://hdl.handle.net/1813/33768",
"http://hdl.handle.net/1813/29194",
"http://hdl.handle.net/1813/31047",
"http://hdl.handle.net/1813/31143",
"http://hdl.handle.net/1813/33524",
"http://hdl.handle.net/1813/33881",
"http://hdl.handle.net/1813/34331",
"http://hdl.handle.net/1813/34368",
"http://hdl.handle.net/1813/36161",
"http://hdl.handle.net/1813/38753",
"http://hdl.handle.net/1813/38800",
"http://hdl.handle.net/1813/38926",
"http://hdl.handle.net/1813/29167",
"http://hdl.handle.net/1813/37182",
"http://hdl.handle.net/1813/29221",
"http://hdl.handle.net/1813/31498",
"http://hdl.handle.net/1813/33577",
"http://hdl.handle.net/1813/33642",
"http://hdl.handle.net/1813/34319",
"http://hdl.handle.net/1813/34347",
"http://hdl.handle.net/1813/29151",
"http://hdl.handle.net/1813/33767",
"http://hdl.handle.net/1813/39447",
"http://hdl.handle.net/1813/29232",
"http://hdl.handle.net/1813/29383",
"http://hdl.handle.net/1813/33880",
"http://hdl.handle.net/1813/37023",
"http://hdl.handle.net/1813/37070",
"http://hdl.handle.net/1813/29487",
"http://hdl.handle.net/1813/31204",
"http://hdl.handle.net/1813/38976",
"http://hdl.handle.net/1813/29263",
"http://hdl.handle.net/1813/29382",
"http://hdl.handle.net/1813/29462",
"http://hdl.handle.net/1813/31078",
"http://hdl.handle.net/1813/31422",
"http://hdl.handle.net/1813/33643",
"http://hdl.handle.net/1813/33869",
"http://hdl.handle.net/1813/33877",
"http://hdl.handle.net/1813/34081",
"http://hdl.handle.net/1813/34216",
"http://hdl.handle.net/1813/38763",
"http://hdl.handle.net/1813/38786",
"http://hdl.handle.net/1813/38795",
"http://hdl.handle.net/1813/38862",
"http://hdl.handle.net/1813/39384",
"http://hdl.handle.net/1813/29154",
"http://hdl.handle.net/1813/33481",
"http://hdl.handle.net/1813/30702",
"http://hdl.handle.net/1813/30734",
"http://hdl.handle.net/1813/31025",
"http://hdl.handle.net/1813/31177",
"http://hdl.handle.net/1813/33986",
"http://hdl.handle.net/1813/36040",
"http://hdl.handle.net/1813/36055",
"http://hdl.handle.net/1813/37140",
"http://hdl.handle.net/1813/38760",
"http://hdl.handle.net/1813/38837",
"http://hdl.handle.net/1813/38857",
"http://hdl.handle.net/1813/30763",
"http://hdl.handle.net/1813/31198",
"http://hdl.handle.net/1813/37166",
"http://hdl.handle.net/1813/29235",
"http://hdl.handle.net/1813/29301",
"http://hdl.handle.net/1813/29403",
"http://hdl.handle.net/1813/30632",
"http://hdl.handle.net/1813/31139",
"http://hdl.handle.net/1813/31168",
"http://hdl.handle.net/1813/31444",
"http://hdl.handle.net/1813/33502",
"http://hdl.handle.net/1813/33553",
"http://hdl.handle.net/1813/34386",
"http://hdl.handle.net/1813/36132",
"http://hdl.handle.net/1813/36142",
"http://hdl.handle.net/1813/36152",
"http://hdl.handle.net/1813/37110",
"http://hdl.handle.net/1813/38822",
"http://hdl.handle.net/1813/39376",
"http://hdl.handle.net/1813/29360",
"http://hdl.handle.net/1813/30616",
"http://hdl.handle.net/1813/33523",
"http://hdl.handle.net/1813/37078",
"http://hdl.handle.net/1813/38956",
"http://hdl.handle.net/1813/39299",
"http://hdl.handle.net/1813/30680",
"http://hdl.handle.net/1813/30984",
"http://hdl.handle.net/1813/33599",
"http://hdl.handle.net/1813/34080",
"http://hdl.handle.net/1813/37041",
"http://hdl.handle.net/1813/37155",
"http://hdl.handle.net/1813/37163",
"http://hdl.handle.net/1813/29190",
"http://hdl.handle.net/1813/29504",
"http://hdl.handle.net/1813/31065",
"http://hdl.handle.net/1813/31068",
"http://hdl.handle.net/1813/31426",
"http://hdl.handle.net/1813/31437",
"http://hdl.handle.net/1813/31499",
"http://hdl.handle.net/1813/33916",
"http://hdl.handle.net/1813/36094",
"http://hdl.handle.net/1813/37120",
"http://hdl.handle.net/1813/39343",
"http://hdl.handle.net/1813/39363",
"http://hdl.handle.net/1813/34188",
"http://hdl.handle.net/1813/36033",
"http://hdl.handle.net/1813/29446",
"http://hdl.handle.net/1813/29502",
"http://hdl.handle.net/1813/31472",
"http://hdl.handle.net/1813/33568",
"http://hdl.handle.net/1813/36109",
"http://hdl.handle.net/1813/37013",
"http://hdl.handle.net/1813/30773",
"http://hdl.handle.net/1813/29169",
"http://hdl.handle.net/1813/29258",
"http://hdl.handle.net/1813/29420",
"http://hdl.handle.net/1813/30607",
"http://hdl.handle.net/1813/30732",
"http://hdl.handle.net/1813/31431",
"http://hdl.handle.net/1813/31505",
"http://hdl.handle.net/1813/33860",
"http://hdl.handle.net/1813/37021",
"http://hdl.handle.net/1813/38932",
"http://hdl.handle.net/1813/39382",
"http://hdl.handle.net/1813/39402",
"http://hdl.handle.net/1813/39428",
"http://hdl.handle.net/1813/37169",
"http://hdl.handle.net/1813/39462",
"http://hdl.handle.net/1813/29193",
"http://hdl.handle.net/1813/30625",
"http://hdl.handle.net/1813/30714",
"http://hdl.handle.net/1813/31471",
"http://hdl.handle.net/1813/33543",
"http://hdl.handle.net/1813/34010",
"http://hdl.handle.net/1813/33825",
"http://hdl.handle.net/1813/34059",
"http://hdl.handle.net/1813/34381",
"http://hdl.handle.net/1813/36061",
"http://hdl.handle.net/1813/39335",
"http://hdl.handle.net/1813/39480",
"http://hdl.handle.net/1813/37154",
"http://hdl.handle.net/1813/29216",
"http://hdl.handle.net/1813/31080",
"http://hdl.handle.net/1813/33569",
"http://hdl.handle.net/1813/36194",
"http://hdl.handle.net/1813/36195",
"http://hdl.handle.net/1813/39292",
"http://hdl.handle.net/1813/39318",
"http://hdl.handle.net/1813/39328",
"http://hdl.handle.net/1813/29164",
"http://hdl.handle.net/1813/31220",
"http://hdl.handle.net/1813/39482",
"http://hdl.handle.net/1813/29219",
"http://hdl.handle.net/1813/30636",
"http://hdl.handle.net/1813/33578",
"http://hdl.handle.net/1813/33944",
"http://hdl.handle.net/1813/34008",
"http://hdl.handle.net/1813/38762",
"http://hdl.handle.net/1813/39307",
"http://hdl.handle.net/1813/39404",
"http://hdl.handle.net/1813/29295",
"http://hdl.handle.net/1813/29300",
"http://hdl.handle.net/1813/31041",
"http://hdl.handle.net/1813/31189",
"http://hdl.handle.net/1813/33545",
"http://hdl.handle.net/1813/33630",
"http://hdl.handle.net/1813/34001",
"http://hdl.handle.net/1813/36071",
"http://hdl.handle.net/1813/36097",
"http://hdl.handle.net/1813/36199",
"http://hdl.handle.net/1813/38784",
"http://hdl.handle.net/1813/38899",
"http://hdl.handle.net/1813/38911",
"http://hdl.handle.net/1813/39403",
"http://hdl.handle.net/1813/39433",
"http://hdl.handle.net/1813/29158",
"http://hdl.handle.net/1813/33484",
"http://hdl.handle.net/1813/34106",
"http://hdl.handle.net/1813/37185",
"http://hdl.handle.net/1813/39449",
"http://hdl.handle.net/1813/29239",
"http://hdl.handle.net/1813/29243",
"http://hdl.handle.net/1813/29319",
"http://hdl.handle.net/1813/30986",
"http://hdl.handle.net/1813/30994",
"http://hdl.handle.net/1813/30997",
"http://hdl.handle.net/1813/31111",
"http://hdl.handle.net/1813/31154",
"http://hdl.handle.net/1813/31174",
"http://hdl.handle.net/1813/31183",
"http://hdl.handle.net/1813/31188",
"http://hdl.handle.net/1813/33511",
"http://hdl.handle.net/1813/33943",
"http://hdl.handle.net/1813/33804",
"http://hdl.handle.net/1813/34068",
"http://hdl.handle.net/1813/34307",
"http://hdl.handle.net/1813/34384",
"http://hdl.handle.net/1813/36091",
"http://hdl.handle.net/1813/36179",
"http://hdl.handle.net/1813/38793",
"http://hdl.handle.net/1813/38828",
"http://hdl.handle.net/1813/38923",
"http://hdl.handle.net/1813/38937",
"http://hdl.handle.net/1813/39375",
"http://hdl.handle.net/1813/31212",
"http://hdl.handle.net/1813/29160",
"http://hdl.handle.net/1813/29165",
"http://hdl.handle.net/1813/33475",
"http://hdl.handle.net/1813/33783",
"http://hdl.handle.net/1813/33802",
"http://hdl.handle.net/1813/38970",
"http://hdl.handle.net/1813/38992",
"http://hdl.handle.net/1813/39445",
"http://hdl.handle.net/1813/29298",
"http://hdl.handle.net/1813/29367",
"http://hdl.handle.net/1813/29516",
"http://hdl.handle.net/1813/30703",
"http://hdl.handle.net/1813/30729",
"http://hdl.handle.net/1813/31035",
"http://hdl.handle.net/1813/31086",
"http://hdl.handle.net/1813/31172",
"http://hdl.handle.net/1813/33575",
"http://hdl.handle.net/1813/34250",
"http://hdl.handle.net/1813/34328",
"http://hdl.handle.net/1813/34377",
"http://hdl.handle.net/1813/36049",
"http://hdl.handle.net/1813/36053",
"http://hdl.handle.net/1813/37116",
"http://hdl.handle.net/1813/38778",
"http://hdl.handle.net/1813/38781",
"http://hdl.handle.net/1813/38797",
"http://hdl.handle.net/1813/38894",
"http://hdl.handle.net/1813/39295",
"http://hdl.handle.net/1813/39388",
"http://hdl.handle.net/1813/39434",
"http://hdl.handle.net/1813/31388",
"http://hdl.handle.net/1813/30764",
"http://hdl.handle.net/1813/30768",
"http://hdl.handle.net/1813/30771",
"http://hdl.handle.net/1813/31222",
"http://hdl.handle.net/1813/33476",
"http://hdl.handle.net/1813/34164",
"http://hdl.handle.net/1813/34153",
"http://hdl.handle.net/1813/38969",
"http://hdl.handle.net/1813/39451",
"http://hdl.handle.net/1813/29206",
"http://hdl.handle.net/1813/29430",
"http://hdl.handle.net/1813/29493",
"http://hdl.handle.net/1813/29506",
"http://hdl.handle.net/1813/30614",
"http://hdl.handle.net/1813/31110",
"http://hdl.handle.net/1813/31395",
"http://hdl.handle.net/1813/31398",
"http://hdl.handle.net/1813/31401",
"http://hdl.handle.net/1813/33492",
"http://hdl.handle.net/1813/33501",
"http://hdl.handle.net/1813/33999",
"http://hdl.handle.net/1813/34303",
"http://hdl.handle.net/1813/36073",
"http://hdl.handle.net/1813/36092",
"http://hdl.handle.net/1813/36113",
"http://hdl.handle.net/1813/36167",
"http://hdl.handle.net/1813/37084",
"http://hdl.handle.net/1813/38922",
"http://hdl.handle.net/1813/39348",
"http://hdl.handle.net/1813/29137",
"http://hdl.handle.net/1813/30766",
"http://hdl.handle.net/1813/31231",
"http://hdl.handle.net/1813/34185",
"http://hdl.handle.net/1813/34120",
"http://hdl.handle.net/1813/36018",
"http://hdl.handle.net/1813/39015",
"http://hdl.handle.net/1813/33886",
"http://hdl.handle.net/1813/36050",
"http://hdl.handle.net/1813/36085",
"http://hdl.handle.net/1813/37141",
"http://hdl.handle.net/1813/38861",
"http://hdl.handle.net/1813/31238",
"http://hdl.handle.net/1813/34172",
"http://hdl.handle.net/1813/29364",
"http://hdl.handle.net/1813/33507",
"http://hdl.handle.net/1813/33519",
"http://hdl.handle.net/1813/33861",
"http://hdl.handle.net/1813/34058",
"http://hdl.handle.net/1813/34221",
"http://hdl.handle.net/1813/39302",
"http://hdl.handle.net/1813/39344",
"http://hdl.handle.net/1813/36003",
"http://hdl.handle.net/1813/39467",
"http://hdl.handle.net/1813/31129",
"http://hdl.handle.net/1813/33505",
"http://hdl.handle.net/1813/33557",
"http://hdl.handle.net/1813/33640",
"http://hdl.handle.net/1813/33810",
"http://hdl.handle.net/1813/33845",
"http://hdl.handle.net/1813/34087",
"http://hdl.handle.net/1813/37054",
"http://hdl.handle.net/1813/38957",
"http://hdl.handle.net/1813/33635",
"http://hdl.handle.net/1813/34072",
"http://hdl.handle.net/1813/34382",
"http://hdl.handle.net/1813/36063",
"http://hdl.handle.net/1813/38869",
"http://hdl.handle.net/1813/39325",
"http://hdl.handle.net/1813/29272",
"http://hdl.handle.net/1813/29341",
"http://hdl.handle.net/1813/29437",
"http://hdl.handle.net/1813/30599",
"http://hdl.handle.net/1813/31117",
"http://hdl.handle.net/1813/31459",
"http://hdl.handle.net/1813/33586",
"http://hdl.handle.net/1813/33966",
"http://hdl.handle.net/1813/34009",
"http://hdl.handle.net/1813/33866",
"http://hdl.handle.net/1813/34229",
"http://hdl.handle.net/1813/34243",
"http://hdl.handle.net/1813/34387",
"http://hdl.handle.net/1813/36160",
"http://hdl.handle.net/1813/37108",
"http://hdl.handle.net/1813/38881",
"http://hdl.handle.net/1813/38898",
"http://hdl.handle.net/1813/30781",
"http://hdl.handle.net/1813/39448",
"http://hdl.handle.net/1813/29486",
"http://hdl.handle.net/1813/30688",
"http://hdl.handle.net/1813/33546",
"http://hdl.handle.net/1813/33645",
"http://hdl.handle.net/1813/33957",
"http://hdl.handle.net/1813/33840",
"http://hdl.handle.net/1813/34324",
"http://hdl.handle.net/1813/36038",
"http://hdl.handle.net/1813/36041",
"http://hdl.handle.net/1813/37118",
"http://hdl.handle.net/1813/37119",
"http://hdl.handle.net/1813/38901",
"http://hdl.handle.net/1813/29121",
"http://hdl.handle.net/1813/33485",
"http://hdl.handle.net/1813/39459",
"http://hdl.handle.net/1813/29266",
"http://hdl.handle.net/1813/29340",
"http://hdl.handle.net/1813/30692",
"http://hdl.handle.net/1813/33629",
"http://hdl.handle.net/1813/33649",
"http://hdl.handle.net/1813/33875",
"http://hdl.handle.net/1813/36130",
"http://hdl.handle.net/1813/36145",
"http://hdl.handle.net/1813/37080",
"http://hdl.handle.net/1813/37095",
"http://hdl.handle.net/1813/38943",
"http://hdl.handle.net/1813/39362",
"http://hdl.handle.net/1813/38996",
"http://hdl.handle.net/1813/39440",
"http://hdl.handle.net/1813/39460",
"http://hdl.handle.net/1813/29228",
"http://hdl.handle.net/1813/29445",
"http://hdl.handle.net/1813/31435",
"http://hdl.handle.net/1813/34235",
"http://hdl.handle.net/1813/34280",
"http://hdl.handle.net/1813/36065",
"http://hdl.handle.net/1813/36188",
"http://hdl.handle.net/1813/37056",
"http://hdl.handle.net/1813/37067",
"http://hdl.handle.net/1813/38925",
"http://hdl.handle.net/1813/39339",
"http://hdl.handle.net/1813/39359",
"http://hdl.handle.net/1813/39387",
"http://hdl.handle.net/1813/33479",
"http://hdl.handle.net/1813/34154",
"http://hdl.handle.net/1813/39001",
"http://hdl.handle.net/1813/39464",
"http://hdl.handle.net/1813/40704",
"http://hdl.handle.net/1813/41055",
"http://hdl.handle.net/1813/40701",
"http://hdl.handle.net/1813/40939",
"http://hdl.handle.net/1813/40671",
"http://hdl.handle.net/1813/40698",
"http://hdl.handle.net/1813/40906",
"http://hdl.handle.net/1813/43680",
"http://hdl.handle.net/1813/40706",
"http://hdl.handle.net/1813/40930",
"http://hdl.handle.net/1813/41071",
"http://hdl.handle.net/1813/40728",
"http://hdl.handle.net/1813/43554",
"http://hdl.handle.net/1813/40642",
"http://hdl.handle.net/1813/40881",
"http://hdl.handle.net/1813/40952",
"http://hdl.handle.net/1813/41038",
"http://hdl.handle.net/1813/41110",
"http://hdl.handle.net/1813/41164",
"http://hdl.handle.net/1813/43588",
"http://hdl.handle.net/1813/43597",
"http://hdl.handle.net/1813/43703",
"http://hdl.handle.net/1813/40655",
"http://hdl.handle.net/1813/40958",
"http://hdl.handle.net/1813/41087",
"http://hdl.handle.net/1813/41091",
"http://hdl.handle.net/1813/41152",
"http://hdl.handle.net/1813/40689",
"http://hdl.handle.net/1813/41024",
"http://hdl.handle.net/1813/41131",
"http://hdl.handle.net/1813/41158",
"http://hdl.handle.net/1813/43553",
"http://hdl.handle.net/1813/43627",
"http://hdl.handle.net/1813/40951",
"http://hdl.handle.net/1813/43564",
"http://hdl.handle.net/1813/43676",
"http://hdl.handle.net/1813/41074",
"http://hdl.handle.net/1813/41105",
"http://hdl.handle.net/1813/43664",
"http://hdl.handle.net/1813/43712",
"http://hdl.handle.net/1813/43730",
"http://hdl.handle.net/1813/40600",
"http://hdl.handle.net/1813/40662",
"http://hdl.handle.net/1813/41124",
"http://hdl.handle.net/1813/41135",
"http://hdl.handle.net/1813/43666",
"http://hdl.handle.net/1813/40717",
"http://hdl.handle.net/1813/43583",
"http://hdl.handle.net/1813/43689",
"http://hdl.handle.net/1813/41005",
"http://hdl.handle.net/1813/41151",
"http://hdl.handle.net/1813/43567",
"http://hdl.handle.net/1813/40646",
"http://hdl.handle.net/1813/40741",
"http://hdl.handle.net/1813/41030",
"http://hdl.handle.net/1813/41054",
"http://hdl.handle.net/1813/43657",
"http://hdl.handle.net/1813/43731",
"http://hdl.handle.net/1813/40993",
"http://hdl.handle.net/1813/41134",
"http://hdl.handle.net/1813/40917",
"http://hdl.handle.net/1813/41116",
"http://hdl.handle.net/1813/43569",
"http://hdl.handle.net/1813/41010",
"http://hdl.handle.net/1813/41026",
"http://hdl.handle.net/1813/41199",
"http://hdl.handle.net/1813/43617",
"http://hdl.handle.net/1813/43716",
"http://hdl.handle.net/1813/40611",
"http://hdl.handle.net/1813/40716",
"http://hdl.handle.net/1813/40738",
"http://hdl.handle.net/1813/40914",
"http://hdl.handle.net/1813/43634",
"http://hdl.handle.net/1813/43687",
"http://hdl.handle.net/1813/43709",
"http://hdl.handle.net/1813/43725",
"http://hdl.handle.net/1813/40590",
"http://hdl.handle.net/1813/40649",
"http://hdl.handle.net/1813/40651",
"http://hdl.handle.net/1813/40913",
"http://hdl.handle.net/1813/43652",
"http://hdl.handle.net/1813/43656",
"http://hdl.handle.net/1813/43729",
"http://hdl.handle.net/1813/40608",
"http://hdl.handle.net/1813/41175",
"http://hdl.handle.net/1813/43661",
"http://hdl.handle.net/1813/43694",
"http://hdl.handle.net/1813/43721",
"http://hdl.handle.net/1813/40624",
"http://hdl.handle.net/1813/41130",
"http://hdl.handle.net/1813/43660",
"http://hdl.handle.net/1813/40607",
"http://hdl.handle.net/1813/40592",
"http://hdl.handle.net/1813/40605",
"http://hdl.handle.net/1813/41063",
"http://hdl.handle.net/1813/40632",
"http://hdl.handle.net/1813/41025",
"http://hdl.handle.net/1813/40945",
"http://hdl.handle.net/1813/41198",
"http://hdl.handle.net/1813/43659",
"http://hdl.handle.net/1813/43693",
"http://hdl.handle.net/1813/40659",
"http://hdl.handle.net/1813/40699",
"http://hdl.handle.net/1813/40702",
"http://hdl.handle.net/1813/41112",
"http://hdl.handle.net/1813/41180",
"http://hdl.handle.net/1813/43585",
"http://hdl.handle.net/1813/33753
